p_type,p_status,Property State,Property County,p_apn,p_comments,p_legal_description,p_address,p_city,p_zip,p_property_type,o_type,or_fname,or_lname,or_email,m_address,m_city,m_state,m_zip,m_recipient,or_greeting
Land,6,AZ,APACHE COUNTY,202-04-006,just shy of 40 acres,,APN 202-04-006,St. Johns,85936,LAND,Individual,Glenn,Rink,faroutbotany@gmail.com,801 W Birch Ave,Flagstaff,AZ,86001,Glenn Rink,"Dear Glenn,"
Land,6,AZ,COCHISE COUNTY,116-09-340,,"Ariz sun sites #1, Lot 4 Block 151",APN 116-09-340,Cochise,85606,LAND,Individual,Glenn,Rink,faroutbotany@gmail.com,801 W Birch Ave,Flagstaff,AZ,86001,Glenn Rink,"Dear Glenn,"
Land,6,AZ,COCHISE COUNTY,116-09-341,,"Ariz sun sites #1, Lot 5 Block 151",APN 116-09-341,Cochise,85606,LAND,Individual,Glenn,Rink,faroutbotany@gmail.com,801 W Birch Ave,Flagstaff,AZ,86001,Glenn Rink,"Dear Glenn,"
Land,6,AZ,COCHISE COUNTY,117-02-118,,"Ariz sun sites #2, Lot 10 Block 200",APN 117-02-118,Pearce,85625,LAND,Individual,Glenn,Rink,faroutbotany@gmail.com,801 W Birch Ave,Flagstaff,AZ,86001,Glenn Rink,"Dear Glenn,"
Land,6,AZ,COCHISE COUNTY,117-02-141,,"Ariz sun sites #2, Lot 1 Block 202",APN 117-02-141,Pearce,85625,LAND,Individual,Glenn,Rink,faroutbotany@gmail.com,801 W Birch Ave,Flagstaff,AZ,86001,Glenn Rink,"Dear Glenn,"
Land,6,AZ,MOHAVE COUNTY,353-17-068,about 10 acres,,APN 353-17-068,Kingman,86401,LAND,Individual,Glenn,Rink,faroutbotany@gmail.com,801 W Birch Ave,Flagstaff,AZ,86001,Glenn Rink,"Dear Glenn,"
Land,6,AZ,PINAL COUNTY,403-18-188,,,4620 N Toltec Rd,Eloy,85131,LAND,Individual,Glenn,Rink,faroutbotany@gmail.com,801 W Birch Ave,Flagstaff,AZ,86001,Glenn Rink,"Dear Glenn,"
Land,6,AZ,PINAL COUNTY,404-02-056,,,4455 N Rillito Cir,Eloy,85131,LAND,Individual,Glenn,Rink,faroutbotany@gmail.com,801 W Birch Ave,Flagstaff,AZ,86001,Glenn Rink,"Dear Glenn,"
Land,6,AZ,PINAL COUNTY,404-02-059,,,4450 N Cortez Dr,Eloy,85131,LAND,Individual,Glenn,Rink,faroutbotany@gmail.com,801 W Birch Ave,Flagstaff,AZ,86001,Glenn Rink,"Dear Glenn,"
Land,6,AZ,PINAL COUNTY,404-02-092,,,4445 N Cortez Dr,Eloy,85131,LAND,Individual,Glenn,Rink,faroutbotany@gmail.com,801 W Birch Ave,Flagstaff,AZ,86001,Glenn Rink,"Dear Glenn,"
Land,6,AZ,PINAL COUNTY,404-18-038,,,3655 N Palm Cir,Eloy,85131,LAND,Individual,Glenn,Rink,faroutbotany@gmail.com,801 W Birch Ave,Flagstaff,AZ,86001,Glenn Rink,"Dear Glenn,"
Land,6,AZ,PINAL COUNTY,404-18-061,,,3740 N Palm Cir,Eloy,85131,LAND,Individual,Glenn,Rink,faroutbotany@gmail.com,801 W Birch Ave,Flagstaff,AZ,86001,Glenn Rink,"Dear Glenn,"
Land,6,AZ,PINAL COUNTY,404-18-062,,,3730 N Palm Cir,Eloy,85131,LAND,Individual,Glenn,Rink,faroutbotany@gmail.com,801 W Birch Ave,Flagstaff,AZ,86001,Glenn Rink,"Dear Glenn,"
Land,6,AZ,PINAL COUNTY,404-18-066,,,3640 N Palm Cir,Eloy,85131,LAND,Individual,Glenn,Rink,faroutbotany@gmail.com,801 W Birch Ave,Flagstaff,AZ,86001,Glenn Rink,"Dear Glenn,"
Land,6,AZ,PINAL COUNTY,404-19-161,,,3415 N Bandelier Dr,Eloy,85131,LAND,Individual,Glenn,Rink,faroutbotany@gmail.com,801 W Birch Ave,Flagstaff,AZ,86001,Glenn Rink,"Dear Glenn,"
Land,6,AZ,PINAL COUNTY,511-70-004G,,,APN 511-70-004G,Casa Grande,85193,LAND,Individual,Glenn,Rink,faroutbotany@gmail.com,801 W Birch Ave,Flagstaff,AZ,86001,Glenn Rink,"Dear Glenn,"
Land,6,AZ,PINAL COUNTY,511-70-010A,these 5 to be sold in one sale,,APN 511-70-010A,Casa Grande,85193,LAND,Individual,Glenn,Rink,faroutbotany@gmail.com,801 W Birch Ave,Flagstaff,AZ,86001,Glenn Rink,"Dear Glenn,"
Land,6,AZ,PINAL COUNTY,511-70-017A,these 5 to be sold in one sale,,APN 511-70-017A,Casa Grande,85193,LAND,Individual,Glenn,Rink,faroutbotany@gmail.com,801 W Birch Ave,Flagstaff,AZ,86001,Glenn Rink,"Dear Glenn,"
Land,6,AZ,PINAL COUNTY,511-70-017B,these 5 to be sold in one sale,,APN 511-70-017B,Casa Grande,85193,LAND,Individual,Glenn,Rink,faroutbotany@gmail.com,801 W Birch Ave,Flagstaff,AZ,86001,Glenn Rink,"Dear Glenn,"
Land,6,AZ,PINAL COUNTY,511-70-017C,these 5 to be sold in one sale,,APN 511-70-017C,Casa Grande,85193,LAND,Individual,Glenn,Rink,faroutbotany@gmail.com,801 W Birch Ave,Flagstaff,AZ,86001,Glenn Rink,"Dear Glenn,"
Land,6,AZ,PINAL COUNTY,511-70-018,these 5 to be sold in one sale,,APN 511-70-018,Casa Grande,85193,LAND,Individual,Glenn,Rink,faroutbotany@gmail.com,801 W Birch Ave,Flagstaff,AZ,86001,Glenn Rink,"Dear Glenn,"
Land,6,AZ,SANTA CRUZ COUNTY,119-01-116,,"Lot 46, Blk 312 RR Villas #10",1930 Circulo Huerta,Rio Rico,85648,LAND,Individual,Glenn,Rink,faroutbotany@gmail.com,801 W Birch Ave,Flagstaff,AZ,86001,Glenn Rink,"Dear Glenn,"
Land,6,AZ,SANTA CRUZ COUNTY,119-01-139,,"Lot 69, blk 312 RR villas #10",412 Pelicano Ct,Rio Rico,85648,LAND,Individual,Glenn,Rink,faroutbotany@gmail.com,801 W Birch Ave,Flagstaff,AZ,86001,Glenn Rink,"Dear Glenn,"
Land,6,AZ,SANTA CRUZ COUNTY,119-01-365,,"Lot 20, Blk 333, RR Villas #10",430 Circulo Uva,Rio Rico,85648,LAND,Individual,Glenn,Rink,faroutbotany@gmail.com,801 W Birch Ave,Flagstaff,AZ,86001,Glenn Rink,"Dear Glenn,"
Land,6,AZ,SANTA CRUZ COUNTY,132-04-171,,"Lot 6, RR Ranchette #18",1744 Via Caguama,Rio Rico,85648,LAND,Individual,Glenn,Rink,faroutbotany@gmail.com,801 W Birch Ave,Flagstaff,AZ,86001,Glenn Rink,"Dear Glenn,"
Land,6,AZ,SANTA CRUZ COUNTY,132-04-265,,"Lot 20, Blk 536, RR Ranchettes #18",326 Cuna Ct,Rio Rico,85648,LAND,Individual,Glenn,Rink,faroutbotany@gmail.com,801 W Birch Ave,Flagstaff,AZ,86001,Glenn Rink,"Dear Glenn,"
Land,6,AZ,SANTA CRUZ COUNTY,132-04-300,,"Lot 10, Blk 537 RR Ranchettes #18",368 Circulo Hormiga,Rio Rico,85648,LAND,Individual,Glenn,Rink,faroutbotany@gmail.com,801 W Birch Ave,Flagstaff,AZ,86001,Glenn Rink,"Dear Glenn,"
Land,6,AZ,SANTA CRUZ COUNTY,132-06-076,,"Lot 8, blk 544 RR Ranchettes #18",403 Brisa Ct,Rio Rico,85648,LAND,Individual,Glenn,Rink,faroutbotany@gmail.com,801 W Birch Ave,Flagstaff,AZ,86001,Glenn Rink,"Dear Glenn,"
Land,6,AZ,SANTA CRUZ COUNTY,133-03-353,,"Lot 71, Blk 506, RR Ranchettes #14",293 Zola Ct,Rio Rico,85648,LAND,Individual,Glenn,Rink,faroutbotany@gmail.com,801 W Birch Ave,Flagstaff,AZ,86001,Glenn Rink,"Dear Glenn,"
Land,6,AZ,SANTA CRUZ COUNTY,133-03-354,,"Lot 72, Blk 506, RR Ranchettes #15",290 Bagre Ct,Rio Rico,85648,LAND,Individual,Glenn,Rink,faroutbotany@gmail.com,801 W Birch Ave,Flagstaff,AZ,86001,Glenn Rink,"Dear Glenn,"
Land,6,AZ,SANTA CRUZ COUNTY,133-03-355,,"Lot 73, Blk 506, RR Ranchettes #16",292 Bagre Ct,Rio Rico,85648,LAND,Individual,Glenn,Rink,faroutbotany@gmail.com,801 W Birch Ave,Flagstaff,AZ,86001,Glenn Rink,"Dear Glenn,"
Land,6,AZ,SANTA CRUZ COUNTY,133-03-356,,"Lot 74, Blk 506, RR Ranchettes #17",294 Bagre Ct,Rio Rico,85648,LAND,Individual,Glenn,Rink,faroutbotany@gmail.com,801 W Birch Ave,Flagstaff,AZ,86001,Glenn Rink,"Dear Glenn,"
Land,6,AZ,SANTA CRUZ COUNTY,133-03-450,,"Lot 168, Blk 506 RR Ranchettes #17",227 Caiman Ct,Rio Rico,85648,LAND,Individual,Glenn,Rink,faroutbotany@gmail.com,801 W Birch Ave,Flagstaff,AZ,86001,Glenn Rink,"Dear Glenn,"
Land,6,AZ,YAVAPAI COUNTY,405-06-552,,,4830 N Totem Pole Pass,Rimrock,86335,LAND,Individual,Glenn,Rink,faroutbotany@gmail.com,801 W Birch Ave,Flagstaff,AZ,86001,Glenn Rink,"Dear Glenn,"
Land,6,AZ,YAVAPAI COUNTY,405-06-554,,,4810 N Totem Pole Pass,Rimrock,86335,LAND,Individual,Glenn,Rink,faroutbotany@gmail.com,801 W Birch Ave,Flagstaff,AZ,86001,Glenn Rink,"Dear Glenn,"
