p_id,u_id,c_id,p_type,p_status,p_name,Property State,Property County,p_apn,p_price,p_price_option,p_acres,p_sqft,p_liens,p_backtaxes,p_improvements,p_power,p_access,p_owned,p_aquired,p_est_value,p_agent_name,p_agent_phone,p_agent_phone_ext,p_seller_agent_name,p_seller_agent_phone,p_comments,p_legal_description,p_listing_status,p_headline,p_sub_headline,p_short_description,p_description,p_custom_html,p_address,p_city,p_terrain,p_average_temperature,p_short_legal,p_zoning,p_average_dimensions,p_base_tax,p_market_value,p_repair_estimate,p_sale_price,p_assessed_value,p_hoa,p_close_notes,p_plat_map_link,p_zip,p_offer_accepts_date,p_option_accepts_date,p_option_expires_date,p_offer_expires_date,p_purchased_on,p_purchase_amount,p_purchase_closing_costs,p_sold_on,p_sold_amount,p_sold_closing_costs,p_beds,p_baths,p_occupancy,p_situation,p_urgency,p_repairs,p_vandalized,p_water_damage,p_foreclosure,p_rent_value,p_min_acceptable_offer,p_min_acceptable_option,p_highlighted,p_status_create_time,p_status_last_updated,tag_ids,p_listing_order,p_datatree_id,p_assigned_to,p_closing_type,p_closing_company_name_purchase,p_closing_company_address_purchase,p_closing_contact_name_purchase,p_closing_contact_phone_purchase,p_closing_contact_phone_purchase_ext,p_closing_type_sale,p_closing_company_name_sale,p_closing_company_address_sale,p_closing_contact_name_sale,p_closing_contact_phone_sale,p_closing_contact_phone_sale_ext,p_listing_financing_offered,p_listing_finance_instrument,p_listing_downpayment,p_listing_term,p_listing_payment,p_listing_rate,p_listing_order_link,p_listing_order_post_vars,p_listing_order_link_post_variables,p_max_offer_amount,p_max_option_amount,p_flood,p_flood_description,p_use,p_use_code,p_use_description,p_restrictions,p_waste_system_requirement,p_water_system_requirement,p_environmental,p_impact_fee,p_video,p_directions,p_shapefile,p_map_image,p_map_location,p_score,p_boundaries,p_latitude,p_longitude,p_coordinates,p_bedrooms,p_bathrooms,p_building_square_feet,p_living_square_feet,p_garage_square_feet,p_basement_square_feet,p_year_built,p_pool,p_garage,p_garage_type,p_basement_type,p_parcel_account_number,p_recording_date,p_maturity_date_first,p_loan_type_code_first,p_loan_type_code_second,p_prior_owner_individual,p_prior_owner_months_owned,p_property_type,or_id,o_type,or_fname,or_lname,o_fname,o_lname,o_2fname,o_2lname,o_3fname,o_3lname,o_4fname,o_4lname,o_5fname,o_5lname,o_company,or_email,or_phone,or_secondary2,or_fax,m_address,m_address2,m_street_name,m_city,m_state,m_zip,o_other_owners,o_google,o_facebook,o_combine_offers,m_recipient,tags,tag_ids,p_status_name,p_all_comments,or_greeting
,1,,Land,6,,AZ,PINAL COUNTY,403-18-188,,,,,,,,,,,,,,,,,,,,,,,,,,4620 N Toltec Rd,Eloy,,,,,,,,,,,,,,85131,,,,,,,,,,,,,,,,,,,,,,,,,,,,,,,,,,,,,,,,,,,,,,,,,,,,,,,,,,,,,,,,,,,,,,,,,,,,,,,,,,,,,,,,,,,LAND,6240,Individual,Glenn,Rink,,,,,,,,,,,,faroutbotany@gmail.com,,,,801 W Birch Ave,,,Flagstaff,AZ,86001,,,,,Glenn Rink,,,Pending Preliminary Research,,"Dear Glenn,"
,1,,Land,6,,AZ,PINAL COUNTY,404-02-056,,,,,,,,,,,,,,,,,,,,,,,,,,4455 N Rillito Cir,Eloy,,,,,,,,,,,,,,85131,,,,,,,,,,,,,,,,,,,,,,,,,,,,,,,,,,,,,,,,,,,,,,,,,,,,,,,,,,,,,,,,,,,,,,,,,,,,,,,,,,,,,,,,,,,LAND,6240,Individual,Glenn,Rink,,,,,,,,,,,,faroutbotany@gmail.com,,,,801 W Birch Ave,,,Flagstaff,AZ,86001,,,,,Glenn Rink,,,Pending Preliminary Research,,"Dear Glenn,"
,1,,Land,6,,AZ,PINAL COUNTY,404-02-059,,,,,,,,,,,,,,,,,,,,,,,,,,4450 N Cortez Dr,Eloy,,,,,,,,,,,,,,85131,,,,,,,,,,,,,,,,,,,,,,,,,,,,,,,,,,,,,,,,,,,,,,,,,,,,,,,,,,,,,,,,,,,,,,,,,,,,,,,,,,,,,,,,,,,LAND,6240,Individual,Glenn,Rink,,,,,,,,,,,,faroutbotany@gmail.com,,,,801 W Birch Ave,,,Flagstaff,AZ,86001,,,,,Glenn Rink,,,Pending Preliminary Research,,"Dear Glenn,"
,1,,Land,6,,AZ,PINAL COUNTY,404-02-092,,,,,,,,,,,,,,,,,,,,,,,,,,4445 N Cortez Dr,Eloy,,,,,,,,,,,,,,85131,,,,,,,,,,,,,,,,,,,,,,,,,,,,,,,,,,,,,,,,,,,,,,,,,,,,,,,,,,,,,,,,,,,,,,,,,,,,,,,,,,,,,,,,,,,LAND,6240,Individual,Glenn,Rink,,,,,,,,,,,,faroutbotany@gmail.com,,,,801 W Birch Ave,,,Flagstaff,AZ,86001,,,,,Glenn Rink,,,Pending Preliminary Research,,"Dear Glenn,"
,1,,Land,6,,AZ,PINAL COUNTY,404-18-038,,,,,,,,,,,,,,,,,,,,,,,,,,3655 N Palm Cir,Eloy,,,,,,,,,,,,,,85131,,,,,,,,,,,,,,,,,,,,,,,,,,,,,,,,,,,,,,,,,,,,,,,,,,,,,,,,,,,,,,,,,,,,,,,,,,,,,,,,,,,,,,,,,,,LAND,6240,Individual,Glenn,Rink,,,,,,,,,,,,faroutbotany@gmail.com,,,,801 W Birch Ave,,,Flagstaff,AZ,86001,,,,,Glenn Rink,,,Pending Preliminary Research,,"Dear Glenn,"
,1,,Land,6,,AZ,PINAL COUNTY,404-18-061,,,,,,,,,,,,,,,,,,,,,,,,,,3740 N Palm Cir,Eloy,,,,,,,,,,,,,,85131,,,,,,,,,,,,,,,,,,,,,,,,,,,,,,,,,,,,,,,,,,,,,,,,,,,,,,,,,,,,,,,,,,,,,,,,,,,,,,,,,,,,,,,,,,,LAND,6240,Individual,Glenn,Rink,,,,,,,,,,,,faroutbotany@gmail.com,,,,801 W Birch Ave,,,Flagstaff,AZ,86001,,,,,Glenn Rink,,,Pending Preliminary Research,,"Dear Glenn,"
,1,,Land,6,,AZ,PINAL COUNTY,404-18-062,,,,,,,,,,,,,,,,,,,,,,,,,,3730 N Palm Cir,Eloy,,,,,,,,,,,,,,85131,,,,,,,,,,,,,,,,,,,,,,,,,,,,,,,,,,,,,,,,,,,,,,,,,,,,,,,,,,,,,,,,,,,,,,,,,,,,,,,,,,,,,,,,,,,LAND,6240,Individual,Glenn,Rink,,,,,,,,,,,,faroutbotany@gmail.com,,,,801 W Birch Ave,,,Flagstaff,AZ,86001,,,,,Glenn Rink,,,Pending Preliminary Research,,"Dear Glenn,"
,1,,Land,6,,AZ,PINAL COUNTY,404-18-066,,,,,,,,,,,,,,,,,,,,,,,,,,3640 N Palm Cir,Eloy,,,,,,,,,,,,,,85131,,,,,,,,,,,,,,,,,,,,,,,,,,,,,,,,,,,,,,,,,,,,,,,,,,,,,,,,,,,,,,,,,,,,,,,,,,,,,,,,,,,,,,,,,,,LAND,6240,Individual,Glenn,Rink,,,,,,,,,,,,faroutbotany@gmail.com,,,,801 W Birch Ave,,,Flagstaff,AZ,86001,,,,,Glenn Rink,,,Pending Preliminary Research,,"Dear Glenn,"
,1,,Land,6,,AZ,PINAL COUNTY,404-19-161,,,,,,,,,,,,,,,,,,,,,,,,,,3415 N Bandelier Dr,Eloy,,,,,,,,,,,,,,85131,,,,,,,,,,,,,,,,,,,,,,,,,,,,,,,,,,,,,,,,,,,,,,,,,,,,,,,,,,,,,,,,,,,,,,,,,,,,,,,,,,,,,,,,,,,LAND,6240,Individual,Glenn,Rink,,,,,,,,,,,,faroutbotany@gmail.com,,,,801 W Birch Ave,,,Flagstaff,AZ,86001,,,,,Glenn Rink,,,Pending Preliminary Research,,"Dear Glenn,"
,1,,Land,6,,AZ,PINAL COUNTY,511-70-004G,,,,,,,,,,,,,,,,,,,,,,,,,,APN 511-70-004G,Casa Grande,,,,,,,,,,,,,,85193,,,,,,,,,,,,,,,,,,,,,,,,,,,,,,,,,,,,,,,,,,,,,,,,,,,,,,,,,,,,,,,,,,,,,,,,,,,,,,,,,,,,,,,,,,,LAND,6240,Individual,Glenn,Rink,,,,,,,,,,,,faroutbotany@gmail.com,,,,801 W Birch Ave,,,Flagstaff,AZ,86001,,,,,Glenn Rink,,,Pending Preliminary Research,,"Dear Glenn,"
,1,,Land,6,,AZ,PINAL COUNTY,511-70-010a,,,,,,,,,,,,,,,,,,these 5 to be sold in one sale,,,,,,,,APN 511-70-010A,Casa Grande,,,,,,,,,,,,,,85193,,,,,,,,,,,,,,,,,,,,,,,,,,,,,,,,,,,,,,,,,,,,,,,,,,,,,,,,,,,,,,,,,,,,,,,,,,,,,,,,,,,,,,,,,,,LAND,6240,Individual,Glenn,Rink,,,,,,,,,,,,faroutbotany@gmail.com,,,,801 W Birch Ave,,,Flagstaff,AZ,86001,,,,,Glenn Rink,,,Pending Preliminary Research,,"Dear Glenn,"
,1,,Land,6,,AZ,PINAL COUNTY,511-70-017a,,,,,,,,,,,,,,,,,,these 5 to be sold in one sale,,,,,,,,APN 511-70-017A,Casa Grande,,,,,,,,,,,,,,85193,,,,,,,,,,,,,,,,,,,,,,,,,,,,,,,,,,,,,,,,,,,,,,,,,,,,,,,,,,,,,,,,,,,,,,,,,,,,,,,,,,,,,,,,,,,LAND,6240,Individual,Glenn,Rink,,,,,,,,,,,,faroutbotany@gmail.com,,,,801 W Birch Ave,,,Flagstaff,AZ,86001,,,,,Glenn Rink,,,Pending Preliminary Research,,"Dear Glenn,"
,1,,Land,6,,AZ,PINAL COUNTY,511-70-017b,,,,,,,,,,,,,,,,,,these 5 to be sold in one sale,,,,,,,,APN 511-70-017B,Casa Grande,,,,,,,,,,,,,,85193,,,,,,,,,,,,,,,,,,,,,,,,,,,,,,,,,,,,,,,,,,,,,,,,,,,,,,,,,,,,,,,,,,,,,,,,,,,,,,,,,,,,,,,,,,,LAND,6240,Individual,Glenn,Rink,,,,,,,,,,,,faroutbotany@gmail.com,,,,801 W Birch Ave,,,Flagstaff,AZ,86001,,,,,Glenn Rink,,,Pending Preliminary Research,,"Dear Glenn,"
,1,,Land,6,,AZ,PINAL COUNTY,511-70-017c,,,,,,,,,,,,,,,,,,these 5 to be sold in one sale,,,,,,,,APN 511-70-017C,Casa Grande,,,,,,,,,,,,,,85193,,,,,,,,,,,,,,,,,,,,,,,,,,,,,,,,,,,,,,,,,,,,,,,,,,,,,,,,,,,,,,,,,,,,,,,,,,,,,,,,,,,,,,,,,,,LAND,6240,Individual,Glenn,Rink,,,,,,,,,,,,faroutbotany@gmail.com,,,,801 W Birch Ave,,,Flagstaff,AZ,86001,,,,,Glenn Rink,,,Pending Preliminary Research,,"Dear Glenn,"
,1,,Land,6,,AZ,PINAL COUNTY,511-70-018,,,,,,,,,,,,,,,,,,these 5 to be sold in one sale,,,,,,,,APN 511-70-018,Casa Grande,,,,,,,,,,,,,,85193,,,,,,,,,,,,,,,,,,,,,,,,,,,,,,,,,,,,,,,,,,,,,,,,,,,,,,,,,,,,,,,,,,,,,,,,,,,,,,,,,,,,,,,,,,,LAND,6240,Individual,Glenn,Rink,,,,,,,,,,,,faroutbotany@gmail.com,,,,801 W Birch Ave,,,Flagstaff,AZ,86001,,,,,Glenn Rink,,,Pending Preliminary Research,,"Dear Glenn,"
,1,,Land,6,,AZ,SANTA CRUZ COUNTY,119-01-116,,,,,,,,,,,,,,,,,,,"Lot 46, Blk 312 RR Villas #10",,,,,,,1930 Circulo Huerta,Rio Rico,,,,,,,,,,,,,,85648,,,,,,,,,,,,,,,,,,,,,,,,,,,,,,,,,,,,,,,,,,,,,,,,,,,,,,,,,,,,,,,,,,,,,,,,,,,,,,,,,,,,,,,,,,,LAND,6240,Individual,Glenn,Rink,,,,,,,,,,,,faroutbotany@gmail.com,,,,801 W Birch Ave,,,Flagstaff,AZ,86001,,,,,Glenn Rink,,,Pending Preliminary Research,,"Dear Glenn,"
,1,,Land,6,,AZ,SANTA CRUZ COUNTY,119-01-139,,,,,,,,,,,,,,,,,,,"Lot 69, blk 312 RR villas #10",,,,,,,412 Pelicano Ct,Rio Rico,,,,,,,,,,,,,,85648,,,,,,,,,,,,,,,,,,,,,,,,,,,,,,,,,,,,,,,,,,,,,,,,,,,,,,,,,,,,,,,,,,,,,,,,,,,,,,,,,,,,,,,,,,,LAND,6240,Individual,Glenn,Rink,,,,,,,,,,,,faroutbotany@gmail.com,,,,801 W Birch Ave,,,Flagstaff,AZ,86001,,,,,Glenn Rink,,,Pending Preliminary Research,,"Dear Glenn,"
,1,,Land,6,,AZ,SANTA CRUZ COUNTY,119-01-365,,,,,,,,,,,,,,,,,,,"Lot 20, Blk 333, RR Villas #10",,,,,,,430 Circulo Uva,Rio Rico,,,,,,,,,,,,,,85648,,,,,,,,,,,,,,,,,,,,,,,,,,,,,,,,,,,,,,,,,,,,,,,,,,,,,,,,,,,,,,,,,,,,,,,,,,,,,,,,,,,,,,,,,,,LAND,6240,Individual,Glenn,Rink,,,,,,,,,,,,faroutbotany@gmail.com,,,,801 W Birch Ave,,,Flagstaff,AZ,86001,,,,,Glenn Rink,,,Pending Preliminary Research,,"Dear Glenn,"
,1,,Land,6,,AZ,SANTA CRUZ COUNTY,132-04-171,,,,,,,,,,,,,,,,,,,"Lot 6, RR Ranchette #18",,,,,,,1744 Via Caguama,Rio Rico,,,,,,,,,,,,,,85648,,,,,,,,,,,,,,,,,,,,,,,,,,,,,,,,,,,,,,,,,,,,,,,,,,,,,,,,,,,,,,,,,,,,,,,,,,,,,,,,,,,,,,,,,,,LAND,6240,Individual,Glenn,Rink,,,,,,,,,,,,faroutbotany@gmail.com,,,,801 W Birch Ave,,,Flagstaff,AZ,86001,,,,,Glenn Rink,,,Pending Preliminary Research,,"Dear Glenn,"
,1,,Land,6,,AZ,SANTA CRUZ COUNTY,132-04-265,,,,,,,,,,,,,,,,,,,"Lot 20, Blk 536, RR Ranchettes #18",,,,,,,326 Cuna Ct,Rio Rico,,,,,,,,,,,,,,85648,,,,,,,,,,,,,,,,,,,,,,,,,,,,,,,,,,,,,,,,,,,,,,,,,,,,,,,,,,,,,,,,,,,,,,,,,,,,,,,,,,,,,,,,,,,LAND,6240,Individual,Glenn,Rink,,,,,,,,,,,,faroutbotany@gmail.com,,,,801 W Birch Ave,,,Flagstaff,AZ,86001,,,,,Glenn Rink,,,Pending Preliminary Research,,"Dear Glenn,"
,1,,Land,6,,AZ,SANTA CRUZ COUNTY,132-04-300,,,,,,,,,,,,,,,,,,,"Lot 10, Blk 537 RR Ranchettes #18",,,,,,,368 Circulo Hormiga,Rio Rico,,,,,,,,,,,,,,85648,,,,,,,,,,,,,,,,,,,,,,,,,,,,,,,,,,,,,,,,,,,,,,,,,,,,,,,,,,,,,,,,,,,,,,,,,,,,,,,,,,,,,,,,,,,LAND,6240,Individual,Glenn,Rink,,,,,,,,,,,,faroutbotany@gmail.com,,,,801 W Birch Ave,,,Flagstaff,AZ,86001,,,,,Glenn Rink,,,Pending Preliminary Research,,"Dear Glenn,"
,1,,Land,6,,AZ,SANTA CRUZ COUNTY,132-06-076,,,,,,,,,,,,,,,,,,,"Lot 8, blk 544 RR Ranchettes #18",,,,,,,403 Brisa Ct,Rio Rico,,,,,,,,,,,,,,85648,,,,,,,,,,,,,,,,,,,,,,,,,,,,,,,,,,,,,,,,,,,,,,,,,,,,,,,,,,,,,,,,,,,,,,,,,,,,,,,,,,,,,,,,,,,LAND,6240,Individual,Glenn,Rink,,,,,,,,,,,,faroutbotany@gmail.com,,,,801 W Birch Ave,,,Flagstaff,AZ,86001,,,,,Glenn Rink,,,Pending Preliminary Research,,"Dear Glenn,"
,1,,Land,6,,AZ,SANTA CRUZ COUNTY,133-03-353,,,,,,,,,,,,,,,,,,,"Lot 71, Blk 506, RR Ranchettes #14",,,,,,,293 Zola Ct,Rio Rico,,,,,,,,,,,,,,85648,,,,,,,,,,,,,,,,,,,,,,,,,,,,,,,,,,,,,,,,,,,,,,,,,,,,,,,,,,,,,,,,,,,,,,,,,,,,,,,,,,,,,,,,,,,LAND,6240,Individual,Glenn,Rink,,,,,,,,,,,,faroutbotany@gmail.com,,,,801 W Birch Ave,,,Flagstaff,AZ,86001,,,,,Glenn Rink,,,Pending Preliminary Research,,"Dear Glenn,"
,1,,Land,6,,AZ,SANTA CRUZ COUNTY,133-03-354,,,,,,,,,,,,,,,,,,,"Lot 72, Blk 506, RR Ranchettes #15",,,,,,,290 Bagre Ct,Rio Rico,,,,,,,,,,,,,,85648,,,,,,,,,,,,,,,,,,,,,,,,,,,,,,,,,,,,,,,,,,,,,,,,,,,,,,,,,,,,,,,,,,,,,,,,,,,,,,,,,,,,,,,,,,,LAND,6240,Individual,Glenn,Rink,,,,,,,,,,,,faroutbotany@gmail.com,,,,801 W Birch Ave,,,Flagstaff,AZ,86001,,,,,Glenn Rink,,,Pending Preliminary Research,,"Dear Glenn,"
,1,,Land,6,,AZ,SANTA CRUZ COUNTY,133-03-355,,,,,,,,,,,,,,,,,,,"Lot 73, Blk 506, RR Ranchettes #16",,,,,,,292 Bagre Ct,Rio Rico,,,,,,,,,,,,,,85648,,,,,,,,,,,,,,,,,,,,,,,,,,,,,,,,,,,,,,,,,,,,,,,,,,,,,,,,,,,,,,,,,,,,,,,,,,,,,,,,,,,,,,,,,,,LAND,6240,Individual,Glenn,Rink,,,,,,,,,,,,faroutbotany@gmail.com,,,,801 W Birch Ave,,,Flagstaff,AZ,86001,,,,,Glenn Rink,,,Pending Preliminary Research,,"Dear Glenn,"
,1,,Land,6,,AZ,SANTA CRUZ COUNTY,133-03-356,,,,,,,,,,,,,,,,,,,"Lot 74, Blk 506, RR Ranchettes #17",,,,,,,294 Bagre Ct,Rio Rico,,,,,,,,,,,,,,85648,,,,,,,,,,,,,,,,,,,,,,,,,,,,,,,,,,,,,,,,,,,,,,,,,,,,,,,,,,,,,,,,,,,,,,,,,,,,,,,,,,,,,,,,,,,LAND,6240,Individual,Glenn,Rink,,,,,,,,,,,,faroutbotany@gmail.com,,,,801 W Birch Ave,,,Flagstaff,AZ,86001,,,,,Glenn Rink,,,Pending Preliminary Research,,"Dear Glenn,"
,1,,Land,6,,AZ,SANTA CRUZ COUNTY,133-03-450,,,,,,,,,,,,,,,,,,,"Lot 168, Blk 506 RR Ranchettes #17",,,,,,,227 Caiman Ct,Rio Rico,,,,,,,,,,,,,,85648,,,,,,,,,,,,,,,,,,,,,,,,,,,,,,,,,,,,,,,,,,,,,,,,,,,,,,,,,,,,,,,,,,,,,,,,,,,,,,,,,,,,,,,,,,,LAND,6240,Individual,Glenn,Rink,,,,,,,,,,,,faroutbotany@gmail.com,,,,801 W Birch Ave,,,Flagstaff,AZ,86001,,,,,Glenn Rink,,,Pending Preliminary Research,,"Dear Glenn,"
,1,,Land,6,,AZ,COCHISE COUNTY,116-09-340,,,,,,,,,,,,,,,,,,,"Ariz sun sites #1, Lot 4 Block 151",,,,,,,APN 116-09-340,Cochise,,,,,,,,,,,,,,85606,,,,,,,,,,,,,,,,,,,,,,,,,,,,,,,,,,,,,,,,,,,,,,,,,,,,,,,,,,,,,,,,,,,,,,,,,,,,,,,,,,,,,,,,,,,LAND,6240,Individual,Glenn,Rink,,,,,,,,,,,,faroutbotany@gmail.com,,,,801 W Birch Ave,,,Flagstaff,AZ,86001,,,,,Glenn Rink,,,Pending Preliminary Research,,"Dear Glenn,"
,1,,Land,6,,AZ,COCHISE COUNTY,116-09-341,,,,,,,,,,,,,,,,,,,"Ariz sun sites #1, Lot 5 Block 151",,,,,,,APN 116-09-341,Cochise,,,,,,,,,,,,,,85606,,,,,,,,,,,,,,,,,,,,,,,,,,,,,,,,,,,,,,,,,,,,,,,,,,,,,,,,,,,,,,,,,,,,,,,,,,,,,,,,,,,,,,,,,,,LAND,6240,Individual,Glenn,Rink,,,,,,,,,,,,faroutbotany@gmail.com,,,,801 W Birch Ave,,,Flagstaff,AZ,86001,,,,,Glenn Rink,,,Pending Preliminary Research,,"Dear Glenn,"
,1,,Land,6,,AZ,COCHISE COUNTY,117-02-118,,,,,,,,,,,,,,,,,,,"Ariz sun sites #2, Lot 10 Block 200",,,,,,,APN 117-02-118,Pearce,,,,,,,,,,,,,,85625,,,,,,,,,,,,,,,,,,,,,,,,,,,,,,,,,,,,,,,,,,,,,,,,,,,,,,,,,,,,,,,,,,,,,,,,,,,,,,,,,,,,,,,,,,,LAND,6240,Individual,Glenn,Rink,,,,,,,,,,,,faroutbotany@gmail.com,,,,801 W Birch Ave,,,Flagstaff,AZ,86001,,,,,Glenn Rink,,,Pending Preliminary Research,,"Dear Glenn,"
,1,,Land,6,,AZ,COCHISE COUNTY,117-02-141,,,,,,,,,,,,,,,,,,,"Ariz sun sites #2, Lot 1 Block 202",,,,,,,APN 117-02-141,Pearce,,,,,,,,,,,,,,85625,,,,,,,,,,,,,,,,,,,,,,,,,,,,,,,,,,,,,,,,,,,,,,,,,,,,,,,,,,,,,,,,,,,,,,,,,,,,,,,,,,,,,,,,,,,LAND,6240,Individual,Glenn,Rink,,,,,,,,,,,,faroutbotany@gmail.com,,,,801 W Birch Ave,,,Flagstaff,AZ,86001,,,,,Glenn Rink,,,Pending Preliminary Research,,"Dear Glenn,"
,1,,Land,6,,AZ,APACHE COUNTY,202-04-006,,,,,,,,,,,,,,,,,,just shy of 40 acres,,,,,,,,APN 202-04-006,St. Johns,,,,,,,,,,,,,,85936,,,,,,,,,,,,,,,,,,,,,,,,,,,,,,,,,,,,,,,,,,,,,,,,,,,,,,,,,,,,,,,,,,,,,,,,,,,,,,,,,,,,,,,,,,,LAND,6240,Individual,Glenn,Rink,,,,,,,,,,,,faroutbotany@gmail.com,,,,801 W Birch Ave,,,Flagstaff,AZ,86001,,,,,Glenn Rink,,,Pending Preliminary Research,,"Dear Glenn,"
,1,,Land,6,,AZ,MOHAVE COUNTY,353-17-068,,,,,,,,,,,,,,,,,,about 10 acres,,,,,,,,APN 353-17-068,Kingman,,,,,,,,,,,,,,86401,,,,,,,,,,,,,,,,,,,,,,,,,,,,,,,,,,,,,,,,,,,,,,,,,,,,,,,,,,,,,,,,,,,,,,,,,,,,,,,,,,,,,,,,,,,LAND,6240,Individual,Glenn,Rink,,,,,,,,,,,,faroutbotany@gmail.com,,,,801 W Birch Ave,,,Flagstaff,AZ,86001,,,,,Glenn Rink,,,Pending Preliminary Research,,"Dear Glenn,"
,1,,Land,6,,AZ,YAVAPAI COUNTY,405-06-552,,,,,,,,,,,,,,,,,,,,,,,,,,4830 N Totem Pole Pass,Rimrock,,,,,,,,,,,,,,86335,,,,,,,,,,,,,,,,,,,,,,,,,,,,,,,,,,,,,,,,,,,,,,,,,,,,,,,,,,,,,,,,,,,,,,,,,,,,,,,,,,,,,,,,,,,LAND,6240,Individual,Glenn,Rink,,,,,,,,,,,,faroutbotany@gmail.com,,,,801 W Birch Ave,,,Flagstaff,AZ,86001,,,,,Glenn Rink,,,Pending Preliminary Research,,"Dear Glenn,"
,1,,Land,6,,AZ,YAVAPAI COUNTY,405-06-554,,,,,,,,,,,,,,,,,,,,,,,,,,4810 N Totem Pole Pass,Rimrock,,,,,,,,,,,,,,86335,,,,,,,,,,,,,,,,,,,,,,,,,,,,,,,,,,,,,,,,,,,,,,,,,,,,,,,,,,,,,,,,,,,,,,,,,,,,,,,,,,,,,,,,,,,LAND,6240,Individual,Glenn,Rink,,,,,,,,,,,,faroutbotany@gmail.com,,,,801 W Birch Ave,,,Flagstaff,AZ,86001,,,,,Glenn Rink,,,Pending Preliminary Research,,"Dear Glenn,"
